sample_type,histological_type,BIN1,AMPH,WASL,WIPF1,WIPF3,group
Primary Tumor,Mucinous Carcinoma,8.132,2.036,11.04,8.104,3.696,A
Primary Tumor,Mucinous Carcinoma,6.946,10.27,10.82,8.868,3.035,A
Primary Tumor,Mucinous Carcinoma,7.74,3.042,11.38,8.234,5.679,A
Primary Tumor,Mucinous Carcinoma,7.539,2.737,11.11,8.035,2.033,A
Primary Tumor,Mixed Histology (please specify),8.458,7.915,11.51,11.24,3.866,A
Primary Tumor,Mixed Histology (please specify),8.259,7.883,11.1,9.893,5.772,A
Primary Tumor,Mixed Histology (please specify),7.836,6.969,11.53,10.43,3.479,A
Primary Tumor,Mixed Histology (please specify),7.526,11.68,10.78,11.56,1.311,A
Primary Tumor,Mixed Histology (please specify),7.866,6.12,11.17,10.23,4.153,A
Primary Tumor,Mixed Histology (please specify),8.465,6.963,10.76,10.78,3.839,A
Primary Tumor,Mixed Histology (please specify),7.275,8.449,12,11.36,2.749,A
Primary Tumor,Mixed Histology (please specify),8.169,4.37,11.13,8.721,2.35,A
Primary Tumor,Mixed Histology (please specify),7.978,6.598,10.94,12.05,5.871,A
Primary Tumor,Mixed Histology (please specify),7.536,7.336,11.02,10.11,1.625,A
Primary Tumor,Mixed Histology (please specify),6.314,9.087,11.18,10.23,2.978,A
Primary Tumor,Mixed Histology (please specify),7.765,6.604,11.24,10.57,4.616,A
Primary Tumor,Mixed Histology (please specify),7.413,8.272,11,9.861,3.79,A
Primary Tumor,"Other, specify",8.091,5.533,11.2,10.89,3.007,A
Primary Tumor,"Other, specify",9.275,4.43,11.02,9.907,3.557,A
Primary Tumor,"Other, specify",8.692,3.785,10.62,7.568,3.359,A
Primary Tumor,"Other, specify",7.987,4.558,10.25,8.628,2.825,A
Primary Tumor,"Other, specify",7.774,6.926,11.64,10.74,3.304,A
Primary Tumor,"Other, specify",7.602,6.744,10.92,10.19,1.816,A
Primary Tumor,"Other, specify",5.569,8.786,10.94,8.056,4.576,A
Primary Tumor,"Other, specify",8.809,9.089,11.3,10.5,4.034,A
Primary Tumor,"Other, specify",6.931,6.459,11.64,9.444,3.637,A
Primary Tumor,"Other, specify",9.117,7.226,10.8,9.317,2.487,A
Primary Tumor,"Other, specify",7.923,3.779,10.22,7.377,2.758,A
Primary Tumor,"Other, specify",7.67,4.429,11.45,9.663,3.116,A
Primary Tumor,"Other, specify",7.481,5.728,10.91,9.955,4.991,A
Primary Tumor,"Other, specify",7.294,5.935,11.6,7.507,4.544,A
Primary Tumor,"Other, specify",6.789,10.22,11.47,7.729,0.4679,A
Primary Tumor,"Other, specify",4.305,8.648,11.94,9.41,1.132,A
Primary Tumor,"Other, specify",8.367,3.085,11.15,9.224,4.28,A
Primary Tumor,"Other, specify",6.449,9.16,10.18,8.132,3.641,A
Primary Tumor,"Other, specify",6.266,5.666,10.39,7.071,0.7191,A
Primary Tumor,Infiltrating Ductal Carcinoma,8.028,8.032,10.96,10.03,5.424,A
Primary Tumor,Infiltrating Ductal Carcinoma,7.525,5.354,11.12,11.02,4.411,A
Primary Tumor,Infiltrating Ductal Carcinoma,5.491,5.616,12.03,9.839,2.7,A
Primary Tumor,Infiltrating Ductal Carcinoma,9.103,5.359,10.36,12.36,4.05,A
Primary Tumor,Infiltrating Ductal Carcinoma,8.079,10.38,11.37,9.514,3.888,A
Primary Tumor,Infiltrating Ductal Carcinoma,7.917,5.706,11.13,10.27,3.232,A
Primary Tumor,Infiltrating Ductal Carcinoma,7.895,4.332,11.01,9.89,1.339,A
Primary Tumor,Infiltrating Ductal Carcinoma,7.512,7.076,10.48,10.52,3.16,A
Primary Tumor,Infiltrating Ductal Carcinoma,5.276,4.109,11.31,7.883,2.82,A
Primary Tumor,Infiltrating Ductal Carcinoma,9.929,7.586,10.37,11.87,5.136,A
Primary Tumor,Infiltrating Ductal Carcinoma,9.044,3.599,10.52,11.43,4.428,A
Primary Tumor,Infiltrating Ductal Carcinoma,8.907,8.338,10.94,10.98,3.586,A
Primary Tumor,Infiltrating Ductal Carcinoma,8.878,6.2,11.79,10.28,2.412,A
Primary Tumor,Infiltrating Ductal Carcinoma,8.213,7.822,11.23,11.72,4.716,A
Primary Tumor,Infiltrating Ductal Carcinoma,8.182,8.738,11.17,11.74,1.998,A
Primary Tumor,Infiltrating Ductal Carcinoma,8.071,6.337,11.03,11.17,2.885,A
Primary Tumor,Infiltrating Ductal Carcinoma,7.997,6.566,11.26,10.22,2.648,A
Primary Tumor,Infiltrating Ductal Carcinoma,7.944,6.513,11.34,9.438,1.961,A
Primary Tumor,Infiltrating Ductal Carcinoma,7.868,3.008,10.85,9.454,1.059,A
Primary Tumor,Infiltrating Ductal Carcinoma,7.672,7.007,11.33,10.53,4.091,A
Primary Tumor,Infiltrating Ductal Carcinoma,7.522,7.264,10.78,10.64,3.48,A
Primary Tumor,Infiltrating Ductal Carcinoma,7.321,7.816,11.31,10.4,3.779,A
Primary Tumor,Infiltrating Ductal Carcinoma,7.079,6.341,11.21,10.33,2.049,A
Primary Tumor,Infiltrating Ductal Carcinoma,6.873,5.557,11.31,9.77,3.537,A
Primary Tumor,Infiltrating Ductal Carcinoma,6.603,7.074,11.51,9.993,4.772,A
Primary Tumor,Infiltrating Ductal Carcinoma,6.527,4.406,10.68,9.656,3.552,A
Primary Tumor,Infiltrating Ductal Carcinoma,6.237,8.269,10.98,9.658,1.746,A
Primary Tumor,Infiltrating Ductal Carcinoma,6.107,4.293,10.78,9.96,4.544,A
Primary Tumor,Infiltrating Ductal Carcinoma,9.146,8.099,10.59,9.956,1.21,A
Primary Tumor,Infiltrating Ductal Carcinoma,8.56,12.2,11.53,10.14,0.864,A
Primary Tumor,Infiltrating Ductal Carcinoma,8.533,5.155,10.93,8.923,1.371,A
Primary Tumor,Infiltrating Ductal Carcinoma,7.993,7.586,11.14,10.77,3.313,A
Primary Tumor,Infiltrating Ductal Carcinoma,7.816,9.122,11.09,10.81,3.5,A
Primary Tumor,Infiltrating Ductal Carcinoma,7.542,6.66,10.95,10.38,2.312,A
Primary Tumor,Infiltrating Ductal Carcinoma,6.356,7.331,11.18,9.933,1.857,A
Primary Tumor,Infiltrating Ductal Carcinoma,8.486,7.723,10.6,10.74,3.346,A
Primary Tumor,Infiltrating Ductal Carcinoma,8.186,6.304,11.07,10.11,4.349,A
Primary Tumor,Infiltrating Ductal Carcinoma,7.426,8.938,11.14,11,3.432,A
Primary Tumor,Infiltrating Ductal Carcinoma,7.233,7.687,9.856,8.941,3.566,A
Primary Tumor,Infiltrating Ductal Carcinoma,6.971,6.179,11.05,7.518,5.738,A
Primary Tumor,Infiltrating Ductal Carcinoma,6.933,7.022,11.34,9.794,3.123,A
Primary Tumor,Infiltrating Ductal Carcinoma,8.709,7.74,10.67,10.74,5.159,A
Primary Tumor,Infiltrating Ductal Carcinoma,8.467,6.036,10.45,10.52,4.269,A
Primary Tumor,Infiltrating Ductal Carcinoma,8.415,5.389,11.05,10.04,3.994,A
Primary Tumor,Infiltrating Ductal Carcinoma,8.307,8.118,10.84,10.2,1.793,A
Primary Tumor,Infiltrating Ductal Carcinoma,7.856,6.646,11.27,10.45,2.687,A
Primary Tumor,Infiltrating Ductal Carcinoma,7.814,6.734,11.68,10.55,4.993,A
Primary Tumor,Infiltrating Ductal Carcinoma,7.385,7.509,11.4,9.889,3.459,A
Primary Tumor,Infiltrating Ductal Carcinoma,8.756,7.344,11.5,8.52,3.032,A
Primary Tumor,Infiltrating Ductal Carcinoma,7.878,7.291,10.81,10.39,3.722,A
Primary Tumor,Infiltrating Ductal Carcinoma,7.754,8.21,10.57,10.56,2.41,A
Primary Tumor,Infiltrating Ductal Carcinoma,7.728,8.494,11.1,9.571,3.831,A
Primary Tumor,Infiltrating Ductal Carcinoma,8.875,7.312,11.08,11.16,3.414,A
Primary Tumor,Infiltrating Ductal Carcinoma,8.807,8.958,10.57,11.62,4.895,A
Primary Tumor,Infiltrating Ductal Carcinoma,8.238,5.137,10.73,10.09,3.203,A
Primary Tumor,Infiltrating Ductal Carcinoma,8.173,8.335,11.05,9.664,3.845,A
Primary Tumor,Infiltrating Ductal Carcinoma,8.073,4.335,10.7,9.183,3.862,A
Primary Tumor,Infiltrating Ductal Carcinoma,7.939,6.999,11.23,9.913,2.22,A
Primary Tumor,Infiltrating Ductal Carcinoma,7.319,8.245,11.22,10.2,1.859,A
Primary Tumor,Infiltrating Ductal Carcinoma,7.246,4.66,11.06,8.628,3.078,A
Primary Tumor,Infiltrating Ductal Carcinoma,7.018,6.697,11.33,10.5,2.398,A
Primary Tumor,Infiltrating Ductal Carcinoma,6.885,5.751,11.31,9.749,2.602,A
Primary Tumor,Infiltrating Ductal Carcinoma,6.866,5.689,11.54,10.32,3.516,A
Primary Tumor,Infiltrating Ductal Carcinoma,6.849,5.851,11.76,9.301,4.697,A
Primary Tumor,Infiltrating Ductal Carcinoma,6.667,4.501,11.03,8.831,1.139,A
Primary Tumor,Infiltrating Ductal Carcinoma,9.928,8.243,11.03,9.513,2.754,A
Primary Tumor,Infiltrating Ductal Carcinoma,9.667,8.162,10.36,8.468,3.967,A
Primary Tumor,Infiltrating Ductal Carcinoma,9.09,9.375,11.14,10.14,4.087,A
Primary Tumor,Infiltrating Ductal Carcinoma,9.023,8.205,10.52,10.86,2.667,A
Primary Tumor,Infiltrating Ductal Carcinoma,8.799,9.885,11.02,11.93,4.778,A
Primary Tumor,Infiltrating Ductal Carcinoma,8.746,7.666,10.74,11.08,3.704,A
Primary Tumor,Infiltrating Ductal Carcinoma,8.677,7.233,10.85,11.82,3.559,A
Primary Tumor,Infiltrating Ductal Carcinoma,8.672,4.971,10.88,10.12,3.448,A
Primary Tumor,Infiltrating Ductal Carcinoma,8.644,7.056,11.28,10.47,4.139,A
Primary Tumor,Infiltrating Ductal Carcinoma,8.514,7.516,11.22,11.41,4.524,A
Primary Tumor,Infiltrating Ductal Carcinoma,8.5,6.32,10.13,10.42,4.037,A
Primary Tumor,Infiltrating Ductal Carcinoma,8.321,8.502,10.58,9.595,3.845,A
Primary Tumor,Infiltrating Ductal Carcinoma,8.31,8.306,11.33,10.08,2.547,A
Primary Tumor,Infiltrating Ductal Carcinoma,8.29,7.286,11.05,10.98,3.534,A
Primary Tumor,Infiltrating Ductal Carcinoma,8.281,10.69,10.77,9.363,3.854,A
Primary Tumor,Infiltrating Ductal Carcinoma,8.266,5.846,10.83,10.81,2.436,A
Primary Tumor,Infiltrating Ductal Carcinoma,8.241,4.02,10.56,10.32,1.538,A
Primary Tumor,Infiltrating Ductal Carcinoma,8.186,11.73,11.19,10.35,4.56,A
Primary Tumor,Infiltrating Ductal Carcinoma,8.155,10.26,10.8,10.62,1.787,A
Primary Tumor,Infiltrating Ductal Carcinoma,8.155,7.966,10.95,11,3.34,A
Primary Tumor,Infiltrating Ductal Carcinoma,7.935,8.667,10.43,10.36,3.243,A
Primary Tumor,Infiltrating Ductal Carcinoma,7.892,7.771,11.15,10.83,2.223,A
Primary Tumor,Infiltrating Ductal Carcinoma,7.839,9.515,10.89,10.6,6.223,A
Primary Tumor,Infiltrating Ductal Carcinoma,7.759,7.317,11.78,10.36,4.641,A
Primary Tumor,Infiltrating Ductal Carcinoma,7.743,7.62,11.62,10.6,4.982,A
Primary Tumor,Infiltrating Ductal Carcinoma,7.738,5.163,10.99,10.38,4.304,A
Primary Tumor,Infiltrating Ductal Carcinoma,7.67,6.293,11,10.44,2.817,A
Primary Tumor,Infiltrating Ductal Carcinoma,7.624,5.557,10.42,10.02,5.017,A
Primary Tumor,Infiltrating Ductal Carcinoma,7.597,9.266,11.18,11.43,3.139,A
Primary Tumor,Infiltrating Ductal Carcinoma,7.593,8.752,10.87,9.821,4.403,A
Primary Tumor,Infiltrating Ductal Carcinoma,7.495,8.574,11.72,10.77,3.99,A
Primary Tumor,Infiltrating Ductal Carcinoma,7.476,5.608,11.08,8.984,5.924,A
Primary Tumor,Infiltrating Ductal Carcinoma,7.465,9.031,11.16,11.04,0.9364,A
Primary Tumor,Infiltrating Ductal Carcinoma,7.462,6.33,11.27,10.66,4.124,A
Primary Tumor,Infiltrating Ductal Carcinoma,7.44,4.262,11.33,9.031,2.537,A
Primary Tumor,Infiltrating Ductal Carcinoma,7.438,5.011,10.82,9.381,2.812,A
Primary Tumor,Infiltrating Ductal Carcinoma,7.398,6.551,12.22,10.63,2.972,A
Primary Tumor,Infiltrating Ductal Carcinoma,7.37,8.633,10.53,9.776,3.293,A
Primary Tumor,Infiltrating Ductal Carcinoma,7.348,5.157,10.91,9.346,3.661,A
Primary Tumor,Infiltrating Ductal Carcinoma,7.302,10.75,11.39,8.52,4.377,A
Primary Tumor,Infiltrating Ductal Carcinoma,7.268,3.933,10.35,9.611,2.63,A
Primary Tumor,Infiltrating Ductal Carcinoma,7.23,6.879,10.94,10.18,2.828,A
Primary Tumor,Infiltrating Ductal Carcinoma,7.197,7.522,11.14,10.83,3.981,A
Primary Tumor,Infiltrating Ductal Carcinoma,7.171,9.868,11.62,10.21,3.79,A
Primary Tumor,Infiltrating Ductal Carcinoma,7.148,6.686,11.29,10.61,4.018,A
Primary Tumor,Infiltrating Ductal Carcinoma,7.12,7.238,10.93,10.45,3.343,A
Primary Tumor,Infiltrating Ductal Carcinoma,7.021,5.265,9.773,7.81,2.563,A
Primary Tumor,Infiltrating Ductal Carcinoma,6.967,7.313,10.83,9.706,4.453,A
Primary Tumor,Infiltrating Ductal Carcinoma,6.952,6.801,11.27,10.37,4.115,A
Primary Tumor,Infiltrating Ductal Carcinoma,6.839,10.58,11.98,9.928,1.743,A
Primary Tumor,Infiltrating Ductal Carcinoma,6.814,6.842,11.55,9.182,5.109,A
Primary Tumor,Infiltrating Ductal Carcinoma,6.804,6.873,11.54,10.44,2.705,A
Primary Tumor,Infiltrating Ductal Carcinoma,6.733,4.47,10.94,9.055,2.337,A
Primary Tumor,Infiltrating Ductal Carcinoma,6.715,8.353,10.52,9.295,3.756,A
Primary Tumor,Infiltrating Ductal Carcinoma,6.581,6.21,11.07,9.759,2.978,A
Primary Tumor,Infiltrating Ductal Carcinoma,6.547,3.735,11.13,9.786,3.583,A
Primary Tumor,Infiltrating Ductal Carcinoma,6.37,9.947,10.99,9.696,3.894,A
Primary Tumor,Infiltrating Ductal Carcinoma,6.32,7.883,12,10.53,2.848,A
Primary Tumor,Infiltrating Ductal Carcinoma,6.317,7.244,11.34,9.248,4.267,A
Primary Tumor,Infiltrating Ductal Carcinoma,6.289,6.126,11.49,9.801,1.849,A
Primary Tumor,Infiltrating Ductal Carcinoma,6.142,5.363,11.06,9.224,3.448,A
Primary Tumor,Infiltrating Ductal Carcinoma,5.93,7.041,11.89,11.17,4.054,A
Primary Tumor,Infiltrating Ductal Carcinoma,5.883,5.78,11.65,9.596,3.11,A
Primary Tumor,Infiltrating Ductal Carcinoma,5.793,7.831,11.24,8.028,2.201,A
Primary Tumor,Infiltrating Ductal Carcinoma,5.79,7.609,10.74,7.285,4.839,A
Primary Tumor,Infiltrating Ductal Carcinoma,5.762,8.106,11.48,9.892,1.4,A
Primary Tumor,Infiltrating Ductal Carcinoma,9.333,3.725,10.49,9.675,4.354,A
Primary Tumor,Infiltrating Ductal Carcinoma,9.232,11.06,10.48,10.13,5.468,A
Primary Tumor,Infiltrating Ductal Carcinoma,9.084,2.129,11.3,9.604,1.82,A
Primary Tumor,Infiltrating Ductal Carcinoma,8.891,8.26,10.87,11.81,4.198,A
Primary Tumor,Infiltrating Ductal Carcinoma,8.817,6.173,10.88,11.62,3.791,A
Primary Tumor,Infiltrating Ductal Carcinoma,8.588,7.092,10.84,9.741,4.463,A
Primary Tumor,Infiltrating Ductal Carcinoma,8.467,6.576,11.48,10.89,3.709,A
Primary Tumor,Infiltrating Ductal Carcinoma,8.432,4.567,10.89,10.78,3.751,A
Primary Tumor,Infiltrating Ductal Carcinoma,8.419,7.452,10.74,10.42,4.456,A
Primary Tumor,Infiltrating Ductal Carcinoma,8.385,7.14,10.98,10.61,2.733,A
Primary Tumor,Infiltrating Ductal Carcinoma,8.361,6.833,10.98,10.89,3.354,A
Primary Tumor,Infiltrating Ductal Carcinoma,8.228,8.358,10.65,10.43,3.782,A
Primary Tumor,Infiltrating Ductal Carcinoma,8.173,11.34,11.04,10.18,4.845,A
Primary Tumor,Infiltrating Ductal Carcinoma,7.915,10.3,11.31,8.746,4.072,A
Primary Tumor,Infiltrating Ductal Carcinoma,7.748,7.143,12.11,9.833,3.334,A
Primary Tumor,Infiltrating Ductal Carcinoma,7.744,3.78,11.09,8.79,4.627,A
Primary Tumor,Infiltrating Ductal Carcinoma,7.742,7.18,11.35,10.65,2.586,A
Primary Tumor,Infiltrating Ductal Carcinoma,7.618,6.918,11.46,10.41,4.926,A
Primary Tumor,Infiltrating Ductal Carcinoma,7.507,7.54,11.36,11.13,3.038,A
Primary Tumor,Infiltrating Ductal Carcinoma,7.029,6.587,11.07,11.12,4.886,A
Primary Tumor,Infiltrating Ductal Carcinoma,7.027,7.738,11.33,10.39,1.931,A
Primary Tumor,Infiltrating Ductal Carcinoma,6.897,9.053,11.3,10.18,2.59,A
Primary Tumor,Infiltrating Ductal Carcinoma,6.821,6.803,11.5,10.93,2.473,A
Primary Tumor,Infiltrating Ductal Carcinoma,6.75,5.624,11.1,9.644,1.881,A
Primary Tumor,Infiltrating Ductal Carcinoma,6.643,5.777,11.03,9.988,3.831,A
Primary Tumor,Infiltrating Ductal Carcinoma,6.288,7.911,10.31,8.372,3.953,A
Primary Tumor,Infiltrating Ductal Carcinoma,6.236,8.452,11.27,9.146,4.648,A
Primary Tumor,Infiltrating Ductal Carcinoma,6.23,5.128,11.93,8.781,5.611,A
Primary Tumor,Infiltrating Ductal Carcinoma,5.811,8.111,11.33,9.372,3.412,A
Primary Tumor,Infiltrating Ductal Carcinoma,4.557,5.851,11.41,9.272,2.496,A
Primary Tumor,Infiltrating Ductal Carcinoma,11.29,5.015,11.11,8.705,4.779,A
Primary Tumor,Infiltrating Ductal Carcinoma,8.544,4.676,10.75,9.09,3.14,A
Primary Tumor,Infiltrating Ductal Carcinoma,10.82,3.051,11.04,11.16,5.474,A
Primary Tumor,Infiltrating Ductal Carcinoma,8.575,3.444,11.21,8.473,1.714,A
Primary Tumor,Infiltrating Ductal Carcinoma,5.967,4.052,10.21,7.905,0.8312,A
Primary Tumor,Infiltrating Ductal Carcinoma,10.86,3.681,9.386,13.36,3.821,A
Primary Tumor,Infiltrating Ductal Carcinoma,9.514,6.326,10.41,11.43,3.446,A
Primary Tumor,Infiltrating Ductal Carcinoma,9.04,3.385,10.93,9.877,4.84,A
Primary Tumor,Infiltrating Ductal Carcinoma,8.929,5.307,10.19,12.47,4.045,A
Primary Tumor,Infiltrating Ductal Carcinoma,8.791,7.515,10.88,10.91,4.325,A
Primary Tumor,Infiltrating Ductal Carcinoma,8.729,7.815,10.03,10.76,3.898,A
Primary Tumor,Infiltrating Ductal Carcinoma,8.693,6.93,11.33,11.1,3.552,A
Primary Tumor,Infiltrating Ductal Carcinoma,8.62,5.207,11.08,10.57,4.618,A
Primary Tumor,Infiltrating Ductal Carcinoma,8.498,6.317,11.13,11.3,3.69,A
Primary Tumor,Infiltrating Ductal Carcinoma,8.477,8.783,10.8,11.07,3.39,A
Primary Tumor,Infiltrating Ductal Carcinoma,8.403,9.185,11.34,9.246,2.509,A
Primary Tumor,Infiltrating Ductal Carcinoma,8.397,6.997,10.98,9.243,3.45,A
Primary Tumor,Infiltrating Ductal Carcinoma,8.382,9.475,11.44,10.36,4.157,A
Primary Tumor,Infiltrating Ductal Carcinoma,8.299,7.014,11.29,10.41,4.439,A
Primary Tumor,Infiltrating Ductal Carcinoma,8.296,8.56,11.19,10.44,4.695,A
Primary Tumor,Infiltrating Ductal Carcinoma,8.277,8.585,10.83,10.42,4.887,A
Primary Tumor,Infiltrating Ductal Carcinoma,8.268,9.419,11.15,10.36,3.382,A
Primary Tumor,Infiltrating Ductal Carcinoma,8.206,8.62,10.72,10.63,2.366,A
Primary Tumor,Infiltrating Ductal Carcinoma,8.206,7.004,11.2,10.45,2.442,A
Primary Tumor,Infiltrating Ductal Carcinoma,8.189,6.478,11.01,10.02,3.403,A
Primary Tumor,Infiltrating Ductal Carcinoma,8.181,5.244,11.68,10.32,3.575,A
Primary Tumor,Infiltrating Ductal Carcinoma,8.128,7.784,11.08,10.68,4.188,A
Primary Tumor,Infiltrating Ductal Carcinoma,8.119,6.185,10.81,10.33,2.783,A
Primary Tumor,Infiltrating Ductal Carcinoma,8.094,6.524,10.71,10.39,3.535,A
Primary Tumor,Infiltrating Ductal Carcinoma,8.078,6.137,10.61,11.18,3.866,A
Primary Tumor,Infiltrating Ductal Carcinoma,8.025,5.261,10.66,9.001,2.679,A
Primary Tumor,Infiltrating Ductal Carcinoma,8.011,7.251,11.73,11.63,0,A
Primary Tumor,Infiltrating Ductal Carcinoma,7.967,7.738,11.25,10.65,3.022,A
Primary Tumor,Infiltrating Ductal Carcinoma,7.963,9.446,10.42,11.22,4.807,A
Primary Tumor,Infiltrating Ductal Carcinoma,7.918,6.423,10.63,10.72,2.966,A
Primary Tumor,Infiltrating Ductal Carcinoma,7.854,7.84,11.7,10.55,4.048,A
Primary Tumor,Infiltrating Ductal Carcinoma,7.839,9.551,11.6,10.5,3.773,A
Primary Tumor,Infiltrating Ductal Carcinoma,7.775,8.886,11.3,9.551,2.699,A
Primary Tumor,Infiltrating Ductal Carcinoma,7.756,7.026,11.43,9.999,4.471,A
Primary Tumor,Infiltrating Ductal Carcinoma,7.748,8.291,10.4,10.14,3.718,A
Primary Tumor,Infiltrating Ductal Carcinoma,7.745,7.648,11.03,10.06,0.7098,A
Primary Tumor,Infiltrating Ductal Carcinoma,7.679,8.267,11.16,8.467,4.96,A
Primary Tumor,Infiltrating Ductal Carcinoma,7.676,7.831,11.58,10.02,4.96,A
Primary Tumor,Infiltrating Ductal Carcinoma,7.572,6.186,11.27,10.26,3.312,A
Primary Tumor,Infiltrating Ductal Carcinoma,7.567,8.08,11.26,9.767,4.193,A
Primary Tumor,Infiltrating Ductal Carcinoma,7.486,6.815,10.01,9.967,5.319,A
Primary Tumor,Infiltrating Ductal Carcinoma,7.443,5.947,11.46,9.746,4.006,A
Primary Tumor,Infiltrating Ductal Carcinoma,7.404,5.069,10.91,8.489,3.305,A
Primary Tumor,Infiltrating Ductal Carcinoma,7.325,4.567,10.04,10.06,0.9057,A
Primary Tumor,Infiltrating Ductal Carcinoma,7.315,3.338,11.41,7.74,2.578,A
Primary Tumor,Infiltrating Ductal Carcinoma,7.281,6.079,11.7,10.6,3.455,A
Primary Tumor,Infiltrating Ductal Carcinoma,7.193,5.151,11.51,9.125,4.945,A
Primary Tumor,Infiltrating Ductal Carcinoma,7.153,7.563,11.45,9.776,1.398,A
Primary Tumor,Infiltrating Ductal Carcinoma,7.128,3.095,11.29,10.09,3.696,A
Primary Tumor,Infiltrating Ductal Carcinoma,7.114,8.757,11.05,9.555,4.421,A
Primary Tumor,Infiltrating Ductal Carcinoma,7.067,7.38,11.53,10.52,3.508,A
Primary Tumor,Infiltrating Ductal Carcinoma,7.056,7.986,9.966,9.772,3.057,A
Primary Tumor,Infiltrating Ductal Carcinoma,7.021,5.43,11.28,9.262,2.584,A
Primary Tumor,Infiltrating Ductal Carcinoma,6.992,4.492,11.04,9.597,2.182,A
Primary Tumor,Infiltrating Ductal Carcinoma,6.984,7.644,11.17,9.159,1.617,A
Primary Tumor,Infiltrating Ductal Carcinoma,6.973,6.843,11.02,9.867,3.112,A
Primary Tumor,Infiltrating Ductal Carcinoma,6.93,7.582,10.77,10.81,2.779,A
Primary Tumor,Infiltrating Ductal Carcinoma,6.774,7.358,11.03,9.511,2.467,A
Primary Tumor,Infiltrating Ductal Carcinoma,6.743,4.988,10.9,9.511,1.28,A
Primary Tumor,Infiltrating Ductal Carcinoma,6.716,3.623,10.36,8.937,2.365,A
Primary Tumor,Infiltrating Ductal Carcinoma,6.398,6.104,12.04,9.615,3.412,A
Primary Tumor,Infiltrating Ductal Carcinoma,6.366,6.615,11.63,9.572,1.886,A
Primary Tumor,Infiltrating Ductal Carcinoma,6.334,7.238,11.38,8.913,3.034,A
Primary Tumor,Infiltrating Ductal Carcinoma,6.236,9.076,10.93,9.842,3.836,A
Primary Tumor,Infiltrating Ductal Carcinoma,6.167,4.912,12.34,9.255,3.8,A
Primary Tumor,Infiltrating Ductal Carcinoma,5.621,5.301,11.22,8.752,1.924,A
Primary Tumor,Infiltrating Ductal Carcinoma,5.173,2.775,10.89,6.563,0.9434,A
Primary Tumor,Infiltrating Ductal Carcinoma,9.915,5.642,10.53,12.01,4.071,A
Primary Tumor,Infiltrating Ductal Carcinoma,9.258,9.908,11.12,8.851,6.106,A
Primary Tumor,Infiltrating Ductal Carcinoma,9.139,7.253,10.69,10.48,4.165,A
Primary Tumor,Infiltrating Ductal Carcinoma,8.934,7.236,11.29,11.23,4.018,A
Primary Tumor,Infiltrating Ductal Carcinoma,8.918,8.413,10.66,10.17,3.039,A
Primary Tumor,Infiltrating Ductal Carcinoma,8.86,6.044,10.75,11.19,5.04,A
Primary Tumor,Infiltrating Ductal Carcinoma,8.825,7.431,10.64,10.06,4.759,A
Primary Tumor,Infiltrating Ductal Carcinoma,8.764,4.869,10.67,9.262,3.366,A
Primary Tumor,Infiltrating Ductal Carcinoma,8.708,7.735,10.72,11.21,2.794,A
Primary Tumor,Infiltrating Ductal Carcinoma,8.697,7.64,11.23,9.31,4.019,A
Primary Tumor,Infiltrating Ductal Carcinoma,8.689,7.14,10.98,10.65,5.151,A
Primary Tumor,Infiltrating Ductal Carcinoma,8.569,7.264,10.95,10.42,3.551,A
Primary Tumor,Infiltrating Ductal Carcinoma,8.544,6.467,10.28,10.96,2.5,A
Primary Tumor,Infiltrating Ductal Carcinoma,8.53,7.467,10.77,11.58,4.307,A
Primary Tumor,Infiltrating Ductal Carcinoma,8.445,5.477,10.8,12.08,3.684,A
Primary Tumor,Infiltrating Ductal Carcinoma,8.424,6.621,11.65,10.1,3.911,A
Primary Tumor,Infiltrating Ductal Carcinoma,8.406,5.457,10.75,10.15,2.195,A
Primary Tumor,Infiltrating Ductal Carcinoma,8.401,6.933,10.33,11.14,3.736,A
Primary Tumor,Infiltrating Ductal Carcinoma,8.39,8.024,10.72,10.17,4.985,A
Primary Tumor,Infiltrating Ductal Carcinoma,8.375,5.211,10.74,10.02,2.245,A
Primary Tumor,Infiltrating Ductal Carcinoma,8.345,8.777,10.39,10.7,2.384,A
Primary Tumor,Infiltrating Ductal Carcinoma,8.329,8.314,11.11,10.78,4.497,A
Primary Tumor,Infiltrating Ductal Carcinoma,8.247,5.29,9.986,10.98,3.031,A
Primary Tumor,Infiltrating Ductal Carcinoma,8.245,8.859,10.49,10.96,2.495,A
Primary Tumor,Infiltrating Ductal Carcinoma,8.214,7.602,11.33,10.83,4.176,A
Primary Tumor,Infiltrating Ductal Carcinoma,8.192,4.886,10.86,10.04,2.419,A
Primary Tumor,Infiltrating Ductal Carcinoma,8.157,3.935,10.95,9.513,4.465,A
Primary Tumor,Infiltrating Ductal Carcinoma,8.154,10.81,10.95,10.79,3.372,A
Primary Tumor,Infiltrating Ductal Carcinoma,8.148,5.941,10.6,9.95,4.956,A
Primary Tumor,Infiltrating Ductal Carcinoma,8.104,6.973,10.5,10.17,3.849,A
Primary Tumor,Infiltrating Ductal Carcinoma,8.087,6.712,11.18,10.89,3.194,A
Primary Tumor,Infiltrating Ductal Carcinoma,8.069,7.468,9.903,10.71,4.697,A
Primary Tumor,Infiltrating Ductal Carcinoma,8.045,6.563,11.09,10.77,3.035,A
Primary Tumor,Infiltrating Ductal Carcinoma,7.944,6.772,11.27,10.75,3.368,A
Primary Tumor,Infiltrating Ductal Carcinoma,7.919,6.435,10.77,10.68,5.838,A
Primary Tumor,Infiltrating Ductal Carcinoma,7.907,4.079,11.53,10.65,2.88,A
Primary Tumor,Infiltrating Ductal Carcinoma,7.845,6.676,10.19,9.877,4.131,A
Primary Tumor,Infiltrating Ductal Carcinoma,7.831,4.256,10.61,8.278,3.432,A
Primary Tumor,Infiltrating Ductal Carcinoma,7.804,8.286,11.52,9.571,4.585,A
Primary Tumor,Infiltrating Ductal Carcinoma,7.733,8.164,11.47,10.51,3.584,A
Primary Tumor,Infiltrating Ductal Carcinoma,7.727,3.585,10.53,10.29,4.297,A
Primary Tumor,Infiltrating Ductal Carcinoma,7.724,7.138,11.09,10.38,2.796,A
Primary Tumor,Infiltrating Ductal Carcinoma,7.666,5.463,11.38,8.61,2.88,A
Primary Tumor,Infiltrating Ductal Carcinoma,7.639,10.27,11.47,10.01,3.385,A
Primary Tumor,Infiltrating Ductal Carcinoma,7.603,6.073,11,9.536,2.08,A
Primary Tumor,Infiltrating Ductal Carcinoma,7.589,9.735,11.28,10.31,2.486,A
Primary Tumor,Infiltrating Ductal Carcinoma,7.532,12.3,10.81,10.47,4.722,A
Primary Tumor,Infiltrating Ductal Carcinoma,7.508,9.367,11.49,10.47,1.789,A
Primary Tumor,Infiltrating Ductal Carcinoma,7.508,5.046,11.4,10.45,3.027,A
Primary Tumor,Infiltrating Ductal Carcinoma,7.507,11.51,11.42,9.884,4.682,A
Primary Tumor,Infiltrating Ductal Carcinoma,7.484,6.517,10.74,9.632,2.939,A
Primary Tumor,Infiltrating Ductal Carcinoma,7.459,6.426,10.84,11.32,3.995,A
Primary Tumor,Infiltrating Ductal Carcinoma,7.424,7.561,11.12,10.9,3.62,A
Primary Tumor,Infiltrating Ductal Carcinoma,7.406,6.391,11.33,9.771,3.675,A
Primary Tumor,Infiltrating Ductal Carcinoma,7.348,4.935,11.1,9.421,2.756,A
Primary Tumor,Infiltrating Ductal Carcinoma,7.343,6.442,11.28,9.892,2.086,A
Primary Tumor,Infiltrating Ductal Carcinoma,7.294,6.684,10.82,10.06,0.8444,A
Primary Tumor,Infiltrating Ductal Carcinoma,7.291,5.791,10.84,9.161,4.344,A
Primary Tumor,Infiltrating Ductal Carcinoma,7.134,6.78,10.82,8.99,4.07,A
Primary Tumor,Infiltrating Ductal Carcinoma,7.084,6.597,10.4,9.868,2.093,A
Primary Tumor,Infiltrating Ductal Carcinoma,6.915,5.906,11.35,10.53,1.657,A
Primary Tumor,Infiltrating Ductal Carcinoma,6.851,5.739,11.26,10.07,2.632,A
Primary Tumor,Infiltrating Ductal Carcinoma,6.764,2.479,11.46,8.826,1.986,A
Primary Tumor,Infiltrating Ductal Carcinoma,6.697,7.589,11.11,10.54,2.966,A
Primary Tumor,Infiltrating Ductal Carcinoma,6.582,6.439,11.17,9.517,4.098,A
Primary Tumor,Infiltrating Ductal Carcinoma,6.553,5.391,11.44,9.63,5.405,A
Primary Tumor,Infiltrating Ductal Carcinoma,6.538,7.298,11.4,10.17,4.471,A
Primary Tumor,Infiltrating Ductal Carcinoma,6.515,2.408,11.62,8.134,0.7806,A
Primary Tumor,Infiltrating Ductal Carcinoma,6.505,9.162,10.76,9.689,4.807,A
Primary Tumor,Infiltrating Ductal Carcinoma,6.501,4.526,11.05,9.304,5.607,A
Primary Tumor,Infiltrating Ductal Carcinoma,6.476,8.672,11.88,11.67,4.488,A
Primary Tumor,Infiltrating Ductal Carcinoma,6.242,5.533,11.28,9.511,2.194,A
Primary Tumor,Infiltrating Ductal Carcinoma,6.23,6.401,11.25,9.205,4.349,A
Primary Tumor,Infiltrating Lobular Carcinoma,7.778,7.35,11.03,10.61,4.974,A
Primary Tumor,Infiltrating Lobular Carcinoma,7.362,7.342,11.54,10.51,4.015,A
Primary Tumor,Infiltrating Lobular Carcinoma,7.848,8.416,11.09,10.53,3.701,A
Primary Tumor,Infiltrating Lobular Carcinoma,8.544,8.369,11.01,10.86,3.523,A
Primary Tumor,Infiltrating Lobular Carcinoma,7.699,8.094,11.63,11.28,4.996,A
Primary Tumor,Infiltrating Lobular Carcinoma,7.29,4.371,10.79,8.954,3.294,A
Primary Tumor,Infiltrating Lobular Carcinoma,8.423,8.141,11.17,11.05,3.538,A
Primary Tumor,Infiltrating Lobular Carcinoma,7.678,7.254,11.34,10.82,3.783,A
Primary Tumor,Infiltrating Lobular Carcinoma,5.988,5.291,9.967,9.818,3.718,A
Primary Tumor,Infiltrating Lobular Carcinoma,8.532,7.068,11.16,10.75,3.577,A
Primary Tumor,Infiltrating Lobular Carcinoma,7.808,8.197,10.97,10.39,3.715,A
Primary Tumor,Infiltrating Lobular Carcinoma,6.689,6.589,11.6,10.3,3.247,A
Primary Tumor,Infiltrating Lobular Carcinoma,8.91,7.868,10.98,11.25,4.354,A
Primary Tumor,Infiltrating Lobular Carcinoma,7.967,8.828,11.04,9.979,5.418,A
Primary Tumor,Infiltrating Lobular Carcinoma,7.61,7.184,11.59,10.68,3.818,A
Primary Tumor,Infiltrating Lobular Carcinoma,7.143,6.084,11.35,10.31,2.578,A
Primary Tumor,Infiltrating Lobular Carcinoma,6.993,5.427,11.16,10.38,3.566,A
Primary Tumor,Infiltrating Lobular Carcinoma,7.749,7.152,11.18,9.782,4.307,A
Primary Tumor,Infiltrating Lobular Carcinoma,7.601,8.109,11.25,10.69,4.664,A
Primary Tumor,Infiltrating Lobular Carcinoma,8.635,4.143,11.38,10.1,4.407,A
Primary Tumor,Infiltrating Lobular Carcinoma,8.378,10.15,11.3,10.95,6.154,A
Primary Tumor,Infiltrating Lobular Carcinoma,8.375,5.846,11.34,10.01,4.42,A
Primary Tumor,Infiltrating Lobular Carcinoma,8.354,8.171,11.3,11.09,2.753,A
Primary Tumor,Infiltrating Lobular Carcinoma,8.329,6.662,10.94,11.14,4.356,A
Primary Tumor,Infiltrating Lobular Carcinoma,8.085,9.934,12.13,10.46,4.693,A
Primary Tumor,Infiltrating Lobular Carcinoma,7.731,3.076,10.72,8.874,5.388,A
Primary Tumor,Infiltrating Lobular Carcinoma,5.679,4.946,12.28,9.472,5.893,A
Primary Tumor,Infiltrating Lobular Carcinoma,9.411,6.973,10.29,11.99,3.377,A
Primary Tumor,Infiltrating Lobular Carcinoma,8.873,7.412,10.88,10.75,3.99,A
Primary Tumor,Infiltrating Lobular Carcinoma,8.788,6.183,10.93,11.59,2.988,A
Primary Tumor,Infiltrating Lobular Carcinoma,8.781,7.265,10.8,10.49,3.492,A
Primary Tumor,Infiltrating Lobular Carcinoma,8.779,8.159,10.9,9.858,4.36,A
Primary Tumor,Infiltrating Lobular Carcinoma,8.696,6.364,11.13,10.27,5.196,A
Primary Tumor,Infiltrating Lobular Carcinoma,8.34,9.448,11.07,11.05,4.55,A
Primary Tumor,Infiltrating Lobular Carcinoma,8.225,5.477,10.36,10.01,5.359,A
Primary Tumor,Infiltrating Lobular Carcinoma,8.212,9.32,10.8,11.7,3.177,A
Primary Tumor,Infiltrating Lobular Carcinoma,8.031,6.3,10.23,10.89,4.529,A
Primary Tumor,Infiltrating Lobular Carcinoma,7.931,8.542,11.13,10.81,4.391,A
Primary Tumor,Infiltrating Lobular Carcinoma,7.757,8.427,11.26,10.01,2.173,A
Primary Tumor,Infiltrating Lobular Carcinoma,7.211,6.53,11.19,10.21,2.786,A
Primary Tumor,Infiltrating Lobular Carcinoma,6.97,6.415,10.94,10.34,4.219,A
Primary Tumor,Infiltrating Lobular Carcinoma,6.959,7.509,11.27,10.05,4.914,A
Primary Tumor,Infiltrating Lobular Carcinoma,6.486,3.303,10.89,9.824,2.378,A
Primary Tumor,Infiltrating Lobular Carcinoma,6.301,5.478,11.42,8.827,3.625,A
Primary Tumor,Infiltrating Lobular Carcinoma,4.448,5.769,11.71,10.21,2.312,A
Primary Tumor,Infiltrating Lobular Carcinoma,9.263,7.094,10.71,11.12,4.739,A
Primary Tumor,Infiltrating Lobular Carcinoma,8.857,7.787,10.89,12.07,3.922,A
Primary Tumor,Infiltrating Lobular Carcinoma,8.261,7.971,10.88,11.04,3.723,A
Primary Tumor,Infiltrating Lobular Carcinoma,7.802,6.669,11.47,11.71,4.348,A
Primary Tumor,Infiltrating Lobular Carcinoma,7.536,5.62,10.79,9.537,3.609,A
Primary Tumor,Infiltrating Lobular Carcinoma,7.255,6.181,10.99,9.483,3.763,A
Primary Tumor,NA,9.369,7.501,10.52,11.32,3.922,A
Primary Tumor,Mixed Histology (please specify),8.433,6.943,10.76,10.93,3.208,B-
Primary Tumor,Mixed Histology (please specify),6.979,7.991,10.77,9.067,3.668,B-
Primary Tumor,Mixed Histology (please specify),9.045,6.95,10.88,11.04,2.958,B-
Primary Tumor,Mixed Histology (please specify),8.485,6.457,11.09,10.26,1.377,B-
Primary Tumor,"Other, specify",7.426,7.599,11.29,10.7,4.666,B-
Primary Tumor,"Other, specify",7.556,3.562,11.17,10.4,2.137,B-
Primary Tumor,"Other, specify",7.625,3.323,10.77,9.704,3.718,B-
Primary Tumor,Infiltrating Ductal Carcinoma,7.928,3.802,10.95,9.639,1.988,B-
Primary Tumor,Infiltrating Ductal Carcinoma,8.718,6.999,10.66,10.39,4.325,B-
Primary Tumor,Infiltrating Ductal Carcinoma,6.174,4.925,10.73,9.826,0.6721,B-
Primary Tumor,Infiltrating Ductal Carcinoma,8.853,7.127,11.05,10.48,0.5366,B-
Primary Tumor,Infiltrating Ductal Carcinoma,8.833,5.537,11.15,10.16,7.317,B-
Primary Tumor,Infiltrating Ductal Carcinoma,8.443,4.274,9.845,11.59,4.824,B-
Primary Tumor,Infiltrating Ductal Carcinoma,7.153,9.044,11.5,9.168,3.786,B-
Primary Tumor,Infiltrating Ductal Carcinoma,6.653,8.802,10.83,10.24,4.293,B-
Primary Tumor,Infiltrating Ductal Carcinoma,6.596,5.078,11.29,9.187,4.923,B-
Primary Tumor,Infiltrating Ductal Carcinoma,6.229,8.444,10.68,8.699,5.09,B-
Primary Tumor,Infiltrating Ductal Carcinoma,5.176,8.264,12.34,10.8,2.092,B-
Primary Tumor,Infiltrating Ductal Carcinoma,6.915,5.16,11.48,10.18,3.543,B-
Primary Tumor,Infiltrating Ductal Carcinoma,7.16,5.888,11.36,10.26,1.221,B-
Primary Tumor,Infiltrating Ductal Carcinoma,7.388,8.144,10.95,10.08,3.141,B-
Primary Tumor,Infiltrating Ductal Carcinoma,7.095,4.108,11.19,9.137,4.171,B-
Primary Tumor,Infiltrating Ductal Carcinoma,8.905,8.059,11.31,11.12,4.739,B-
Primary Tumor,Infiltrating Ductal Carcinoma,8.428,4.498,10.86,10.05,4.43,B-
Primary Tumor,Infiltrating Ductal Carcinoma,8.274,4.401,11.28,8.369,4.613,B-
Primary Tumor,Infiltrating Ductal Carcinoma,8.249,5.897,11.02,10.15,4.891,B-
Primary Tumor,Infiltrating Ductal Carcinoma,7.547,5.406,11.36,8.428,3.996,B-
Primary Tumor,Infiltrating Ductal Carcinoma,6.922,7.734,10.92,9.356,1.349,B-
Primary Tumor,Infiltrating Ductal Carcinoma,6.761,5.905,11.05,9.348,5.575,B-
Primary Tumor,Infiltrating Ductal Carcinoma,5.801,3.586,11.74,8.368,4.95,B-
Primary Tumor,Infiltrating Ductal Carcinoma,8.98,7.271,10.15,11.76,3.566,B-
Primary Tumor,Infiltrating Ductal Carcinoma,6.158,4.397,11.26,9.089,3.979,B-
Primary Tumor,Infiltrating Ductal Carcinoma,5.627,4.649,10.7,7.445,3.472,B-
Primary Tumor,Infiltrating Ductal Carcinoma,8.453,6.484,12.02,10.98,4.418,B-
Primary Tumor,Infiltrating Ductal Carcinoma,9.134,7.143,11.35,10.1,2.758,B-
Primary Tumor,Infiltrating Ductal Carcinoma,8.873,6.737,9.948,9.897,4.763,B-
Primary Tumor,Infiltrating Ductal Carcinoma,8.036,4.171,11.61,9.909,4.679,B-
Primary Tumor,Infiltrating Ductal Carcinoma,7.904,6.801,10.76,11.01,3.016,B-
Primary Tumor,Infiltrating Ductal Carcinoma,7.895,5.371,11.08,9.73,1.977,B-
Primary Tumor,Infiltrating Ductal Carcinoma,7.815,4.054,10.83,10.68,3.459,B-
Primary Tumor,Infiltrating Ductal Carcinoma,7.813,7.298,11.36,11.47,3.014,B-
Primary Tumor,Infiltrating Ductal Carcinoma,7.549,7.732,10.45,9.863,2.567,B-
Primary Tumor,Infiltrating Ductal Carcinoma,6.856,5.137,10.97,9.068,1.553,B-
Primary Tumor,Infiltrating Ductal Carcinoma,6.738,5.42,10.51,9.081,0.504,B-
Primary Tumor,Infiltrating Ductal Carcinoma,6.109,1.815,10.83,9.142,0,B-
Primary Tumor,Infiltrating Ductal Carcinoma,9.809,6.334,10.54,11.66,5.59,B-
Primary Tumor,Infiltrating Ductal Carcinoma,8.452,4.527,11.61,9.979,4.56,B-
Primary Tumor,Infiltrating Ductal Carcinoma,6.33,5.315,11.32,9.659,3.344,B-
Primary Tumor,Infiltrating Ductal Carcinoma,6.294,4.21,11.48,7.734,3.686,B-
Primary Tumor,Infiltrating Ductal Carcinoma,3.757,2.948,11.1,6.499,1.906,B-
Primary Tumor,Infiltrating Lobular Carcinoma,8.021,4.381,11.14,8.599,4.076,B-
Primary Tumor,Infiltrating Lobular Carcinoma,7.898,6.673,11.02,10.28,4.367,B-
Primary Tumor,Infiltrating Lobular Carcinoma,8.284,4.456,10.74,10.83,4.054,B-
Primary Tumor,Infiltrating Lobular Carcinoma,8.446,1.651,11.41,10.11,4.29,B-
Primary Tumor,Infiltrating Lobular Carcinoma,9.135,6.33,10.67,11.65,4.109,B-
Primary Tumor,Infiltrating Lobular Carcinoma,7.99,7.88,11.06,10.12,4.303,B-
Primary Tumor,NA,8.958,3.602,10.4,10.92,3.929,B-
Primary Tumor,Mucinous Carcinoma,7.581,8.768,10.82,10.27,1.98,B+
Primary Tumor,"Other, specify",6.589,5.936,11.43,10.24,0.9083,B+
Primary Tumor,"Other, specify",6.6,6.107,11.26,9.546,0.3807,B+
Primary Tumor,"Other, specify",6.53,5.703,11.25,10.52,3.364,B+
Primary Tumor,Infiltrating Ductal Carcinoma,9.547,9.572,10.13,9.209,5.851,B+
Primary Tumor,Infiltrating Ductal Carcinoma,8.681,9.327,10.82,10.51,0.7143,B+
Primary Tumor,Infiltrating Ductal Carcinoma,8.249,5.103,10.41,10.92,2.207,B+
Primary Tumor,Infiltrating Ductal Carcinoma,8.027,6.12,10.65,10.81,4.691,B+
Primary Tumor,Infiltrating Ductal Carcinoma,7.773,9.713,11.39,11.22,1.733,B+
Primary Tumor,Infiltrating Ductal Carcinoma,7.063,7.155,11.38,10.59,1.27,B+
Primary Tumor,Infiltrating Ductal Carcinoma,6.312,5.293,11.37,9.194,1.304,B+
Primary Tumor,Infiltrating Ductal Carcinoma,6.286,6.246,10.94,9.942,2.803,B+
Primary Tumor,Infiltrating Ductal Carcinoma,8.621,4.759,9.953,9.408,5.088,B+
Primary Tumor,Infiltrating Ductal Carcinoma,8.251,4.171,10.9,10.29,5.076,B+
Primary Tumor,Infiltrating Ductal Carcinoma,7.149,6.026,10.8,9.491,2.423,B+
Primary Tumor,Infiltrating Ductal Carcinoma,6.772,6.65,11.71,9.373,3.395,B+
Primary Tumor,Infiltrating Ductal Carcinoma,6.374,6.995,12.09,10.76,1.651,B+
Primary Tumor,Infiltrating Ductal Carcinoma,7.786,7.831,10.94,10.48,3.714,B+
Primary Tumor,Infiltrating Ductal Carcinoma,8.837,6.256,10.21,11.07,3.46,B+
Primary Tumor,Infiltrating Ductal Carcinoma,8.634,6.386,11.04,11.4,2.679,B+
Primary Tumor,Infiltrating Ductal Carcinoma,8.276,5.586,10.84,10.88,4.451,B+
Primary Tumor,Infiltrating Ductal Carcinoma,7.949,5.135,11.36,11.29,3.714,B+
Primary Tumor,Infiltrating Ductal Carcinoma,7.946,8.036,10.59,10.35,2.421,B+
Primary Tumor,Infiltrating Ductal Carcinoma,7.681,7.288,11.38,11.35,3.473,B+
Primary Tumor,Infiltrating Ductal Carcinoma,7.641,9.28,10.76,10.49,1.894,B+
Primary Tumor,Infiltrating Ductal Carcinoma,7.332,6.379,10.45,10.6,2.134,B+
Primary Tumor,Infiltrating Ductal Carcinoma,7.304,6.335,11.07,10.46,2.929,B+
Primary Tumor,Infiltrating Ductal Carcinoma,7.069,4.524,10.01,9.989,2.112,B+
Primary Tumor,Infiltrating Ductal Carcinoma,6.952,8.076,11.64,10.39,5.244,B+
Primary Tumor,Infiltrating Ductal Carcinoma,6.889,6.221,11.31,9.627,3.856,B+
Primary Tumor,Infiltrating Ductal Carcinoma,6.786,7.338,11.65,10.86,2.698,B+
Primary Tumor,Infiltrating Ductal Carcinoma,6.766,4.991,11.6,10.15,3.286,B+
Primary Tumor,Infiltrating Ductal Carcinoma,6.154,5.029,11.58,9.119,3.307,B+
Primary Tumor,Infiltrating Ductal Carcinoma,9.155,6.772,10.83,11.07,2.603,B+
Primary Tumor,Infiltrating Ductal Carcinoma,8.963,4.805,10.52,11.33,3.466,B+
Primary Tumor,Infiltrating Ductal Carcinoma,7.838,8.542,10.92,9.389,2.329,B+
Primary Tumor,Infiltrating Ductal Carcinoma,7.836,5.746,11.26,10.26,2.518,B+
Primary Tumor,Infiltrating Ductal Carcinoma,7.663,8.335,11.99,10.76,3.272,B+
Primary Tumor,Infiltrating Ductal Carcinoma,7.533,7.126,11.01,9.4,3.601,B+
Primary Tumor,Infiltrating Ductal Carcinoma,6.708,5.176,10.4,9.321,1.196,B+
Primary Tumor,Infiltrating Ductal Carcinoma,7.837,7.015,10.18,10.7,4.907,B+
Primary Tumor,Infiltrating Ductal Carcinoma,9.581,7.097,10.31,11.9,2.941,B+
Primary Tumor,Infiltrating Ductal Carcinoma,9.038,6.081,10.61,10.38,1.135,B+
Primary Tumor,Infiltrating Ductal Carcinoma,8.802,9,10.68,11.53,3.685,B+
Primary Tumor,Infiltrating Ductal Carcinoma,8.257,7.266,10.65,10.51,1.474,B+
Primary Tumor,Infiltrating Ductal Carcinoma,7.64,5.808,11.35,10.58,4.238,B+
Primary Tumor,Infiltrating Ductal Carcinoma,7.609,7.419,9.556,10.43,2.833,B+
Primary Tumor,Infiltrating Ductal Carcinoma,7.375,5.767,10.74,10.15,3.38,B+
Primary Tumor,Infiltrating Ductal Carcinoma,7.027,3.468,10.74,8.794,2.273,B+
Primary Tumor,Infiltrating Ductal Carcinoma,6.991,6.676,11.23,10.05,2.068,B+
Primary Tumor,Infiltrating Ductal Carcinoma,6.756,8.374,11.09,10.32,1.728,B+
Primary Tumor,Infiltrating Ductal Carcinoma,6.447,5.544,10.97,10.03,0,B+
Primary Tumor,Infiltrating Ductal Carcinoma,5.556,7.582,10.82,8.576,0.613,B+
Primary Tumor,Infiltrating Ductal Carcinoma,9.059,6.561,10.49,11.62,3.711,B+
Primary Tumor,Infiltrating Ductal Carcinoma,6.935,6.291,10.95,10.97,3.779,B+
Primary Tumor,Infiltrating Ductal Carcinoma,8.854,5.696,10.59,11.32,3.283,B+
Primary Tumor,Infiltrating Ductal Carcinoma,7.382,6.514,10.36,10.73,4.581,B+
Primary Tumor,Infiltrating Ductal Carcinoma,8.983,9.509,11.26,10.4,3.113,B+
Primary Tumor,Infiltrating Ductal Carcinoma,7.677,7.667,10.95,10.82,1.902,B+
Primary Tumor,Infiltrating Ductal Carcinoma,8.095,7.41,11.47,10.02,3.182,B+
Primary Tumor,Infiltrating Ductal Carcinoma,8.045,4.773,10.35,10.13,2.102,B+
Primary Tumor,Infiltrating Ductal Carcinoma,8.531,5.104,10.18,11.31,2.853,B+
Primary Tumor,Infiltrating Ductal Carcinoma,8.123,5.366,10.84,9.704,6.002,B+
Primary Tumor,Infiltrating Ductal Carcinoma,8.647,4.924,10.75,9.739,6.365,B+
Primary Tumor,Infiltrating Ductal Carcinoma,8.052,5.342,10.56,10.33,2.332,B+
Primary Tumor,Infiltrating Ductal Carcinoma,8.02,7.631,11.36,10.58,2.597,B+
Primary Tumor,Infiltrating Ductal Carcinoma,7.527,4.269,10.77,9.802,2.779,B+
Primary Tumor,Infiltrating Ductal Carcinoma,7.032,5.657,10.45,9.416,2.181,B+
Primary Tumor,Infiltrating Ductal Carcinoma,7.004,7.03,11.13,9.343,1.478,B+
Primary Tumor,Infiltrating Ductal Carcinoma,6.987,7.012,10.99,11.23,2.013,B+
Primary Tumor,Infiltrating Ductal Carcinoma,6.495,8.015,10.92,10.39,2.446,B+
Primary Tumor,Infiltrating Lobular Carcinoma,8.215,6.26,11.08,10.6,3.901,B+
Primary Tumor,Infiltrating Lobular Carcinoma,7.665,5.914,11.29,10.2,4.027,B+
Primary Tumor,Infiltrating Lobular Carcinoma,8.102,6.614,10.47,10.6,2.745,B+
Primary Tumor,Infiltrating Lobular Carcinoma,6.106,5.696,11.39,10.06,4.092,B+
Primary Tumor,"Other, specify",8.225,5.956,10.92,10.14,3.688,Enriched
Primary Tumor,Infiltrating Ductal Carcinoma,8.221,7.071,10.1,11.24,4.992,Enriched
Primary Tumor,Infiltrating Ductal Carcinoma,7.682,6.111,10.62,11.23,3.733,Enriched
Primary Tumor,Infiltrating Ductal Carcinoma,7.601,7.614,11.2,10.45,4.564,Enriched
Primary Tumor,Infiltrating Ductal Carcinoma,7.457,5.766,11.78,10.42,2.287,Enriched
Primary Tumor,Infiltrating Ductal Carcinoma,8.087,6.688,9.983,10.84,3.037,Enriched
Primary Tumor,Infiltrating Ductal Carcinoma,9.113,6.015,10.01,11.14,3.208,Enriched
Primary Tumor,Infiltrating Ductal Carcinoma,8.902,6.438,10.43,9.672,2.434,Enriched
Primary Tumor,Infiltrating Ductal Carcinoma,7.882,5.334,11.4,9.795,2.772,Enriched
Primary Tumor,Infiltrating Ductal Carcinoma,9.871,6.547,11.15,10.35,3.726,Enriched
Primary Tumor,Infiltrating Ductal Carcinoma,7.938,5.939,9.88,10.47,3.698,Enriched
Primary Tumor,Infiltrating Ductal Carcinoma,7.698,5.19,9.676,9.314,2.051,Enriched
Primary Tumor,Infiltrating Ductal Carcinoma,7.576,7.004,10.72,9.109,3.371,Enriched
Primary Tumor,Infiltrating Ductal Carcinoma,7.204,3.626,9.783,9.193,3.138,Enriched
Primary Tumor,Infiltrating Ductal Carcinoma,6.421,5.242,10.67,10.81,5.517,Enriched
Primary Tumor,Infiltrating Ductal Carcinoma,6.199,3.927,10.76,8.155,4.855,Enriched
Primary Tumor,Infiltrating Ductal Carcinoma,5.943,6.768,11.07,9.484,1.808,Enriched
Primary Tumor,Infiltrating Ductal Carcinoma,9.248,7.163,11.54,10.6,4.678,Enriched
Primary Tumor,Infiltrating Ductal Carcinoma,9.193,5.691,11,11.35,2.991,Enriched
Primary Tumor,Infiltrating Ductal Carcinoma,8.148,6.345,10.37,11.11,3.271,Enriched
Primary Tumor,Infiltrating Ductal Carcinoma,8.381,4.202,10.34,11.41,4.826,Enriched
Primary Tumor,Infiltrating Ductal Carcinoma,7.947,6.825,10.49,9.135,5.147,Enriched
Primary Tumor,Infiltrating Ductal Carcinoma,7.356,5.522,10.51,9.797,2.757,Enriched
Primary Tumor,Infiltrating Ductal Carcinoma,7.084,8.831,11.37,9.151,0.3978,Enriched
Primary Tumor,Infiltrating Ductal Carcinoma,7.059,6.406,10.15,8.623,3.445,Enriched
Primary Tumor,Infiltrating Ductal Carcinoma,8.913,7.056,10.57,10.92,4.582,Enriched
Primary Tumor,Infiltrating Lobular Carcinoma,9.216,6.065,10.87,11.97,4.523,Enriched
Solid Tissue Normal,Medullary Carcinoma,9.604,5.577,10.75,10.51,4.229,Norm
Solid Tissue Normal,Medullary Carcinoma,9.387,5.914,10.92,10.97,4.81,Norm
Solid Tissue Normal,Mucinous Carcinoma,9.465,4.785,10.73,10.25,4.881,Norm
Solid Tissue Normal,Mixed Histology (please specify),10.71,6.141,10.52,10.81,3.284,Norm
Solid Tissue Normal,Mixed Histology (please specify),10.64,6.106,10.52,10.41,5.508,Norm
Solid Tissue Normal,Mixed Histology (please specify),10.53,8.764,10.63,11.58,1.657,Norm
Solid Tissue Normal,Mixed Histology (please specify),9.678,6.252,10.82,10.75,4.248,Norm
Solid Tissue Normal,Mixed Histology (please specify),9.549,7.167,10.87,10.53,4.536,Norm
Solid Tissue Normal,Mixed Histology (please specify),9.515,6.402,10.79,10.02,5.125,Norm
Solid Tissue Normal,Mixed Histology (please specify),9.507,5.081,10.89,11.26,2.591,Norm
Solid Tissue Normal,Mixed Histology (please specify),8.573,5.797,10.8,10.31,4.988,Norm
Solid Tissue Normal,Mixed Histology (please specify),8.46,9.499,11.17,9.907,5.111,Norm
Solid Tissue Normal,"Other, specify",9.547,6.79,10.82,10.74,4.812,Norm
Solid Tissue Normal,"Other, specify",9.297,6.958,10.89,11,4.969,Norm
Solid Tissue Normal,Infiltrating Ductal Carcinoma,14.84,7.193,10.95,9.328,7.881,Norm
Solid Tissue Normal,Infiltrating Ductal Carcinoma,11.49,6.758,10.16,10.04,4.102,Norm
Solid Tissue Normal,Infiltrating Ductal Carcinoma,11.15,7.859,10.59,10.37,1.279,Norm
Solid Tissue Normal,Infiltrating Ductal Carcinoma,11,5.965,9.984,11.01,4.762,Norm
Solid Tissue Normal,Infiltrating Ductal Carcinoma,10.93,7.688,10.43,10.91,2.343,Norm
Solid Tissue Normal,Infiltrating Ductal Carcinoma,10.85,7.193,10.35,11.3,2.033,Norm
Solid Tissue Normal,Infiltrating Ductal Carcinoma,10.84,7.955,10.66,10.96,3.806,Norm
Solid Tissue Normal,Infiltrating Ductal Carcinoma,10.77,6.538,10.91,10.62,3.984,Norm
Solid Tissue Normal,Infiltrating Ductal Carcinoma,10.73,5.41,10.68,10.66,4.024,Norm
Solid Tissue Normal,Infiltrating Ductal Carcinoma,10.64,5.851,10.9,10.81,4.576,Norm
Solid Tissue Normal,Infiltrating Ductal Carcinoma,10.6,7.044,10.13,10.36,4.078,Norm
Solid Tissue Normal,Infiltrating Ductal Carcinoma,10.59,7.47,10.78,10.87,6.004,Norm
Solid Tissue Normal,Infiltrating Ductal Carcinoma,10.53,7.519,10.74,10.33,5.288,Norm
Solid Tissue Normal,Infiltrating Ductal Carcinoma,10.53,7.01,10.3,10.48,4.308,Norm
Solid Tissue Normal,Infiltrating Ductal Carcinoma,10.51,9.874,10.55,10.84,1.664,Norm
Solid Tissue Normal,Infiltrating Ductal Carcinoma,10.5,6.253,10.72,10.45,4.967,Norm
Solid Tissue Normal,Infiltrating Ductal Carcinoma,10.48,7.05,10.86,11.08,4.527,Norm
Solid Tissue Normal,Infiltrating Ductal Carcinoma,10.45,5.504,10.79,9.944,4.305,Norm
Solid Tissue Normal,Infiltrating Ductal Carcinoma,10.31,5.56,10.03,9.791,4.153,Norm
Solid Tissue Normal,Infiltrating Ductal Carcinoma,10.23,6.101,11.06,10.31,5.177,Norm
Solid Tissue Normal,Infiltrating Ductal Carcinoma,10.22,7.174,10.7,10.77,4.004,Norm
Solid Tissue Normal,Infiltrating Ductal Carcinoma,10.22,4.992,10.35,9.874,3.726,Norm
Solid Tissue Normal,Infiltrating Ductal Carcinoma,10.18,7.654,10.85,10.95,5.014,Norm
Solid Tissue Normal,Infiltrating Ductal Carcinoma,10.14,6.161,11.18,10.45,4.616,Norm
Solid Tissue Normal,Infiltrating Ductal Carcinoma,10.02,6.508,10.8,10.37,6.762,Norm
Solid Tissue Normal,Infiltrating Ductal Carcinoma,10.02,6.39,10.39,9.819,5.476,Norm
Solid Tissue Normal,Infiltrating Ductal Carcinoma,10.01,8.826,10.64,10.98,4.622,Norm
Solid Tissue Normal,Infiltrating Ductal Carcinoma,9.949,7.266,10.95,11.02,5.491,Norm
Solid Tissue Normal,Infiltrating Ductal Carcinoma,9.944,6.446,10.66,10.67,5.153,Norm
Solid Tissue Normal,Infiltrating Ductal Carcinoma,9.871,7.712,10.78,11.36,4.488,Norm
Solid Tissue Normal,Infiltrating Ductal Carcinoma,9.852,8.61,11.02,10.75,4.255,Norm
Solid Tissue Normal,Infiltrating Ductal Carcinoma,9.824,6.652,10.97,10.81,5.825,Norm
Solid Tissue Normal,Infiltrating Ductal Carcinoma,9.773,6.43,10.94,10.6,4.688,Norm
Solid Tissue Normal,Infiltrating Ductal Carcinoma,9.753,6.165,10.99,10.24,5.185,Norm
Solid Tissue Normal,Infiltrating Ductal Carcinoma,9.72,6.622,10.64,10.69,4.525,Norm
Solid Tissue Normal,Infiltrating Ductal Carcinoma,9.718,9.579,10.75,10.99,4.134,Norm
Solid Tissue Normal,Infiltrating Ductal Carcinoma,9.704,7.147,10.86,10.52,4.3,Norm
Solid Tissue Normal,Infiltrating Ductal Carcinoma,9.694,9.882,10.88,11.2,1.769,Norm
Solid Tissue Normal,Infiltrating Ductal Carcinoma,9.632,6.842,10.85,10.72,4.58,Norm
Solid Tissue Normal,Infiltrating Ductal Carcinoma,9.627,5.091,10.91,10.25,5.587,Norm
Solid Tissue Normal,Infiltrating Ductal Carcinoma,9.625,7.045,10.43,9.423,4.686,Norm
Solid Tissue Normal,Infiltrating Ductal Carcinoma,9.519,6.977,10.36,9.223,4.809,Norm
Solid Tissue Normal,Infiltrating Ductal Carcinoma,9.509,6.801,10.51,10.12,5.565,Norm
Solid Tissue Normal,Infiltrating Ductal Carcinoma,9.447,6.059,11.11,10.44,4.808,Norm
Solid Tissue Normal,Infiltrating Ductal Carcinoma,9.425,11.44,10.28,8.941,4.262,Norm
Solid Tissue Normal,Infiltrating Ductal Carcinoma,9.422,5.376,10.47,11.99,5.572,Norm
Solid Tissue Normal,Infiltrating Ductal Carcinoma,9.408,5.483,11.05,10.31,4.981,Norm
Solid Tissue Normal,Infiltrating Ductal Carcinoma,9.394,5.57,10.72,10.02,6.049,Norm
Solid Tissue Normal,Infiltrating Ductal Carcinoma,9.343,8.714,10.94,9.844,5.616,Norm
Solid Tissue Normal,Infiltrating Ductal Carcinoma,9.319,5.815,10.94,10.49,4.965,Norm
Solid Tissue Normal,Infiltrating Ductal Carcinoma,9.311,8.682,10.99,10.8,4.957,Norm
Solid Tissue Normal,Infiltrating Ductal Carcinoma,9.278,6.948,11.12,10.48,4.965,Norm
Solid Tissue Normal,Infiltrating Ductal Carcinoma,9.278,6.47,11.09,10.49,5.607,Norm
Solid Tissue Normal,Infiltrating Ductal Carcinoma,9.221,7.478,10.82,10.35,5.217,Norm
Solid Tissue Normal,Infiltrating Ductal Carcinoma,9.189,6.736,10.92,10.33,4.58,Norm
Solid Tissue Normal,Infiltrating Ductal Carcinoma,9.165,5.776,11.22,10.19,4.896,Norm
Solid Tissue Normal,Infiltrating Ductal Carcinoma,9.156,6.163,10.75,10.1,5.3,Norm
Solid Tissue Normal,Infiltrating Ductal Carcinoma,9.141,6.182,11.12,10.68,4.627,Norm
Solid Tissue Normal,Infiltrating Ductal Carcinoma,9.075,6.632,11.23,10.92,4.502,Norm
Solid Tissue Normal,Infiltrating Ductal Carcinoma,9.064,6.04,11.05,9.724,5.097,Norm
Solid Tissue Normal,Infiltrating Ductal Carcinoma,9.03,5.561,11.12,9.997,5.452,Norm
Solid Tissue Normal,Infiltrating Ductal Carcinoma,9.015,5.108,10.87,9.998,5.027,Norm
Solid Tissue Normal,Infiltrating Ductal Carcinoma,8.98,5.447,10.96,10.58,5.085,Norm
Solid Tissue Normal,Infiltrating Ductal Carcinoma,8.926,4.696,10.83,9.58,4.985,Norm
Solid Tissue Normal,Infiltrating Ductal Carcinoma,8.924,4.551,10.8,9.534,4.878,Norm
Solid Tissue Normal,Infiltrating Ductal Carcinoma,8.918,5.308,10.8,10.17,4.773,Norm
Solid Tissue Normal,Infiltrating Ductal Carcinoma,8.862,6.062,11.05,10.04,4.138,Norm
Solid Tissue Normal,Infiltrating Ductal Carcinoma,8.826,7.385,10.97,10.48,6.037,Norm
Solid Tissue Normal,Infiltrating Ductal Carcinoma,8.809,5.728,10.91,9.805,5.47,Norm
Solid Tissue Normal,Infiltrating Ductal Carcinoma,8.802,7.107,11.25,10.55,5.323,Norm
Solid Tissue Normal,Infiltrating Ductal Carcinoma,8.77,5.744,11.02,9.624,5.201,Norm
Solid Tissue Normal,Infiltrating Ductal Carcinoma,8.736,6.46,11.18,11.07,5.462,Norm
Solid Tissue Normal,Infiltrating Ductal Carcinoma,8.701,6.495,11.26,10.53,4.811,Norm
Solid Tissue Normal,Infiltrating Ductal Carcinoma,8.68,5.526,10.99,9.068,4.556,Norm
Solid Tissue Normal,Infiltrating Ductal Carcinoma,8.663,6.927,11.01,9.153,5.022,Norm
Solid Tissue Normal,Infiltrating Ductal Carcinoma,8.636,5.764,10.75,9.637,4.747,Norm
Solid Tissue Normal,Infiltrating Ductal Carcinoma,8.574,7.872,11.12,11.26,4.589,Norm
Solid Tissue Normal,Infiltrating Ductal Carcinoma,8.526,5.655,11.16,9.434,6.044,Norm
Solid Tissue Normal,Infiltrating Ductal Carcinoma,8.481,4.785,10.83,9.502,5.54,Norm
Solid Tissue Normal,Infiltrating Ductal Carcinoma,8.423,5.71,10.99,10.07,4.497,Norm
Solid Tissue Normal,Infiltrating Ductal Carcinoma,8.395,5.346,10.73,9.158,4.527,Norm
Solid Tissue Normal,Infiltrating Ductal Carcinoma,8.378,5.87,11.19,10.3,4.707,Norm
Solid Tissue Normal,Infiltrating Ductal Carcinoma,8.282,4.383,11.05,9.697,5.165,Norm
Solid Tissue Normal,Infiltrating Ductal Carcinoma,8.087,4.823,10.99,9.176,5.404,Norm
Solid Tissue Normal,Infiltrating Ductal Carcinoma,7.964,6.666,11.55,10.95,5.384,Norm
Solid Tissue Normal,Infiltrating Ductal Carcinoma,7.778,6.25,11.27,10.5,4.006,Norm
Solid Tissue Normal,Infiltrating Ductal Carcinoma,7.642,5.536,11.46,10.72,5.208,Norm
Solid Tissue Normal,Infiltrating Ductal Carcinoma,7.537,6.976,11.89,10.4,4.044,Norm
Solid Tissue Normal,Infiltrating Lobular Carcinoma,11.04,6.454,10.69,10.65,4.162,Norm
Solid Tissue Normal,Infiltrating Lobular Carcinoma,10.05,6.933,10.84,10.95,5.025,Norm
Solid Tissue Normal,Infiltrating Lobular Carcinoma,9.369,6.675,11.14,10.73,5.292,Norm
Solid Tissue Normal,Infiltrating Lobular Carcinoma,9.367,9.544,10.71,10.88,4.95,Norm
Solid Tissue Normal,Infiltrating Lobular Carcinoma,8.346,5.285,10.8,9.408,5.559,Norm
Solid Tissue Normal,NA,10.45,7.06,10.81,10.9,5.075,Norm
Primary Tumor,Medullary Carcinoma,7.342,4.841,11,10.66,6.887,Triple
Primary Tumor,Medullary Carcinoma,9.16,2.527,10.71,10.62,6.18,Triple
Primary Tumor,Medullary Carcinoma,8.241,5.948,10.32,12.08,5.312,Triple
Primary Tumor,"Other, specify",9.496,4.889,10.22,9.257,6.665,Triple
Primary Tumor,"Other, specify",8.329,5.77,10.7,8.167,5.064,Triple
Primary Tumor,"Other, specify",7.204,6.539,11.38,11.62,4.68,Triple
Primary Tumor,"Other, specify",10.07,10.05,10.91,11.24,6.051,Triple
Primary Tumor,"Other, specify",8.792,4.978,10.41,9.361,3.451,Triple
Primary Tumor,"Other, specify",8.259,7.601,11.19,10.9,2.587,Triple
Primary Tumor,Infiltrating Ductal Carcinoma,8.9,2.701,10.91,9.281,5.282,Triple
Primary Tumor,Infiltrating Ductal Carcinoma,8.443,6.23,11.18,10.55,4.438,Triple
Primary Tumor,Infiltrating Ductal Carcinoma,7.758,5.663,10.31,10.21,2.615,Triple
Primary Tumor,Infiltrating Ductal Carcinoma,7.746,6.231,10.39,10,2.127,Triple
Primary Tumor,Infiltrating Ductal Carcinoma,7.377,3.905,10.62,10.57,1.169,Triple
Primary Tumor,Infiltrating Ductal Carcinoma,7.131,4.427,11.41,11.29,4.817,Triple
Primary Tumor,Infiltrating Ductal Carcinoma,6.936,5.725,11.7,10.24,2.825,Triple
Primary Tumor,Infiltrating Ductal Carcinoma,8.593,3.055,10.78,8.832,4.125,Triple
Primary Tumor,Infiltrating Ductal Carcinoma,9.198,3.555,10.4,9.977,5.698,Triple
Primary Tumor,Infiltrating Ductal Carcinoma,10.63,8.611,10.48,10.82,5.962,Triple
Primary Tumor,Infiltrating Ductal Carcinoma,10.07,5.652,10.68,12.46,5.194,Triple
Primary Tumor,Infiltrating Ductal Carcinoma,9.137,4.201,10.45,8.922,3.916,Triple
Primary Tumor,Infiltrating Ductal Carcinoma,10.08,4.371,10.55,10.37,7.884,Triple
Primary Tumor,Infiltrating Ductal Carcinoma,10.06,8.552,11.62,9.95,3.011,Triple
Primary Tumor,Infiltrating Ductal Carcinoma,9.846,1.724,9.851,7.4,3.711,Triple
Primary Tumor,Infiltrating Ductal Carcinoma,9.617,6.66,10.38,9.364,4.153,Triple
Primary Tumor,Infiltrating Ductal Carcinoma,9.608,5.521,10.51,10.29,6.223,Triple
Primary Tumor,Infiltrating Ductal Carcinoma,9.033,5.349,11.36,11.14,4.066,Triple
Primary Tumor,Infiltrating Ductal Carcinoma,9.028,4.431,10.23,11.82,3.715,Triple
Primary Tumor,Infiltrating Ductal Carcinoma,9.026,4.638,9.974,11.38,6.26,Triple
Primary Tumor,Infiltrating Ductal Carcinoma,8.829,4.727,10.99,11.14,4.169,Triple
Primary Tumor,Infiltrating Ductal Carcinoma,8.46,4.703,10.69,10.92,4.218,Triple
Primary Tumor,Infiltrating Ductal Carcinoma,8.306,4.636,11.13,10.68,5.536,Triple
Primary Tumor,Infiltrating Ductal Carcinoma,7.945,3.235,11.11,9.947,8.002,Triple
Primary Tumor,Infiltrating Ductal Carcinoma,7.787,3.367,10.34,9.759,3.307,Triple
Primary Tumor,Infiltrating Ductal Carcinoma,7.369,5.076,10.7,10.62,3.348,Triple
Primary Tumor,Infiltrating Ductal Carcinoma,7.271,6.297,11.22,10.59,1.814,Triple
Primary Tumor,Infiltrating Ductal Carcinoma,7.208,5.465,10.67,9.597,5.483,Triple
Primary Tumor,Infiltrating Ductal Carcinoma,7.084,4.658,10.84,9.842,4.581,Triple
Primary Tumor,Infiltrating Ductal Carcinoma,5.513,4.488,10.75,9.992,7.781,Triple
Primary Tumor,Infiltrating Ductal Carcinoma,3.689,4.013,10.18,8.196,6.251,Triple
Primary Tumor,Infiltrating Ductal Carcinoma,10.92,5.687,10.05,10.99,3.642,Triple
Primary Tumor,Infiltrating Ductal Carcinoma,9.552,5.304,10.39,11.8,4.991,Triple
Primary Tumor,Infiltrating Ductal Carcinoma,6.889,0.7532,11.44,7.532,3.845,Triple
Primary Tumor,Infiltrating Ductal Carcinoma,9.048,4.594,10.99,9.197,7.104,Triple
Primary Tumor,Infiltrating Ductal Carcinoma,10.02,5.822,10.44,10.81,6.679,Triple
Primary Tumor,Infiltrating Ductal Carcinoma,8.1,2.511,10.84,10.53,6.866,Triple
Primary Tumor,Infiltrating Ductal Carcinoma,7.64,5.765,10.97,10.48,2.934,Triple
Primary Tumor,Infiltrating Ductal Carcinoma,6.57,9.242,11.14,9.597,2.478,Triple
Primary Tumor,Infiltrating Ductal Carcinoma,12.91,2.844,10.5,8.934,5.068,Triple
Primary Tumor,Infiltrating Ductal Carcinoma,10.56,4.453,9.802,12.1,5.647,Triple
Primary Tumor,Infiltrating Ductal Carcinoma,10.42,3.561,11.45,10.34,4.232,Triple
Primary Tumor,Infiltrating Ductal Carcinoma,10.37,4.491,10.48,11.99,7.277,Triple
Primary Tumor,Infiltrating Ductal Carcinoma,10.32,6.827,10.28,10.77,2.797,Triple
Primary Tumor,Infiltrating Ductal Carcinoma,10.22,3.604,9.792,12.11,2.857,Triple
Primary Tumor,Infiltrating Ductal Carcinoma,9.79,4.722,10.67,10.02,3.964,Triple
Primary Tumor,Infiltrating Ductal Carcinoma,9.736,5.953,10.52,10.94,4.66,Triple
Primary Tumor,Infiltrating Ductal Carcinoma,9.42,4.923,10.75,9.579,3.566,Triple
Primary Tumor,Infiltrating Ductal Carcinoma,9.379,3.542,9.7,11.01,6.424,Triple
Primary Tumor,Infiltrating Ductal Carcinoma,9.362,7.339,10.99,9.138,3.112,Triple
Primary Tumor,Infiltrating Ductal Carcinoma,9.341,4.311,10.86,8.914,8.503,Triple
Primary Tumor,Infiltrating Ductal Carcinoma,9.311,6.47,10.91,10.54,2.253,Triple
Primary Tumor,Infiltrating Ductal Carcinoma,9.29,6.411,11.13,11.28,5.826,Triple
Primary Tumor,Infiltrating Ductal Carcinoma,9.089,4.221,10.91,9.631,6.149,Triple
Primary Tumor,Infiltrating Ductal Carcinoma,8.975,5.368,9.984,10.91,5.074,Triple
Primary Tumor,Infiltrating Ductal Carcinoma,8.973,6.091,10.91,11.19,4.237,Triple
Primary Tumor,Infiltrating Ductal Carcinoma,8.964,4.748,11.37,9.743,2.231,Triple
Primary Tumor,Infiltrating Ductal Carcinoma,8.895,4.49,10.44,10.44,3.499,Triple
Primary Tumor,Infiltrating Ductal Carcinoma,8.871,2.652,11.24,8.824,5.674,Triple
Primary Tumor,Infiltrating Ductal Carcinoma,8.832,5.509,11.77,10.39,6.092,Triple
Primary Tumor,Infiltrating Ductal Carcinoma,8.806,3.983,10.49,9.655,7.085,Triple
Primary Tumor,Infiltrating Ductal Carcinoma,8.787,2.897,11.32,8.293,6.293,Triple
Primary Tumor,Infiltrating Ductal Carcinoma,8.769,7.345,10.76,9.986,5.587,Triple
Primary Tumor,Infiltrating Ductal Carcinoma,8.532,8.105,10.82,10.98,5.203,Triple
Primary Tumor,Infiltrating Ductal Carcinoma,8.49,4.338,10.49,8.935,4.445,Triple
Primary Tumor,Infiltrating Ductal Carcinoma,8.45,4.223,10.83,10.37,7.943,Triple
Primary Tumor,Infiltrating Ductal Carcinoma,8.356,5.172,11.09,10.07,5.088,Triple
Primary Tumor,Infiltrating Ductal Carcinoma,8.299,6.384,10.75,10.54,4.446,Triple
Primary Tumor,Infiltrating Ductal Carcinoma,8.29,4.854,11.27,10.05,4.323,Triple
Primary Tumor,Infiltrating Ductal Carcinoma,8.256,5.335,11.11,10.1,5.209,Triple
Primary Tumor,Infiltrating Ductal Carcinoma,8.23,2.561,10.65,9.702,6.565,Triple
Primary Tumor,Infiltrating Ductal Carcinoma,8.106,3.038,10.57,8.038,7.556,Triple
Primary Tumor,Infiltrating Ductal Carcinoma,7.826,3.827,10.77,9.077,5.042,Triple
Primary Tumor,Infiltrating Ductal Carcinoma,7.784,7.794,9.717,9.511,3.386,Triple
Primary Tumor,Infiltrating Ductal Carcinoma,7.479,5.688,11.02,9.594,5.56,Triple
Primary Tumor,Infiltrating Ductal Carcinoma,7.441,4.229,12.33,9.633,5.714,Triple
Primary Tumor,Infiltrating Ductal Carcinoma,7.422,5.194,10.79,10.59,4.978,Triple
Primary Tumor,Infiltrating Ductal Carcinoma,7.42,4.944,10.77,9.702,4.536,Triple
Primary Tumor,Infiltrating Ductal Carcinoma,6.785,7.9,10.87,9.646,2.428,Triple
Primary Tumor,Infiltrating Ductal Carcinoma,6.451,4.633,11.05,9.715,5.391,Triple
Primary Tumor,Infiltrating Ductal Carcinoma,5.914,3.078,11.2,10.29,3.438,Triple
Primary Tumor,Infiltrating Ductal Carcinoma,9.821,5.751,9.954,11.53,5.028,Triple
Primary Tumor,Infiltrating Ductal Carcinoma,9.661,5.426,11.21,11.01,7.858,Triple
Primary Tumor,Infiltrating Ductal Carcinoma,9.594,4.312,10.56,11.04,6.226,Triple
Primary Tumor,Infiltrating Ductal Carcinoma,9.473,7.525,10.72,9.938,4.812,Triple
Primary Tumor,Infiltrating Ductal Carcinoma,9.453,6.636,11,11.25,3.934,Triple
Primary Tumor,Infiltrating Ductal Carcinoma,9.334,6.426,11.01,11.24,5.483,Triple
Primary Tumor,Infiltrating Ductal Carcinoma,9.301,4.229,10.07,11.14,3.124,Triple
Primary Tumor,Infiltrating Ductal Carcinoma,9.106,4.193,10.97,9.583,4.607,Triple
Primary Tumor,Infiltrating Ductal Carcinoma,8.953,6.405,10.34,9.282,3.255,Triple
Primary Tumor,Infiltrating Ductal Carcinoma,8.6,4.255,11.23,10.76,5.294,Triple
Primary Tumor,Infiltrating Ductal Carcinoma,7.848,6.711,10.7,10.86,4.98,Triple
Primary Tumor,Infiltrating Ductal Carcinoma,7.73,5.758,10.41,9.661,4.435,Triple
Primary Tumor,Infiltrating Ductal Carcinoma,6.834,6.268,10.89,9.79,2.998,Triple
Primary Tumor,Infiltrating Ductal Carcinoma,6.75,2.908,11.29,8.644,4.884,Triple
Primary Tumor,Infiltrating Ductal Carcinoma,5.857,5.435,10.79,9.034,5.01,Triple
Primary Tumor,Infiltrating Lobular Carcinoma,9.617,4.168,10.08,10.76,4.064,Triple
Primary Tumor,Infiltrating Lobular Carcinoma,6.281,7.932,11.69,8.503,1.655,Triple
Primary Tumor,NA,8.537,5.051,10.5,10.18,5.109,Triple
